{"127.0.0.1:/": [1743658163.6140351, 1743658164.073727], "127.0.0.1:/favicon.ico": [1743654314.5934613], "127.0.0.1:/limited": [1743658160.5949538]}